,2010,,,,,,,,,,,,,,,,,,,,,,,,,,,,,,,,,,,,,,,,,,,2013,,,,,,,,,,,,,,,,,,,,,,,,,,,,,,,,,,,,,,,,,,,,,,,,,,,,,
,,,,,,,,,,,,,,,,,,,,,,,,,,,,,,,,,,,,,,,,,,,,,,,,,,,,,,,,,,,,,,,,,,,,,,,,,,,,,,,,,,,,,,,,,,,,,,,,,
Pharmaceutical Company,"Kyorin Pharmaceutical Co., Ltd.",F. Hoffmann-La Roche Ltd,Merck,,,,Bayer Healthcare,,,Sanofi,,,,Daiichi Sankyo,,Bristol-Myers Squibb,,,,Pfizer Inc.,,,,,,Shire Pharmaceuticals,Boehringer Ingelheim,"Gilead Sciences, Inc.",,Eli Lilly and Company,Abbot Laboratories,Novartis,Chongqing Holley Pharmaceutical Co. Ltd and Sigma Tau Industrie Farmaceutiche,GlaxoSmithKline,,,"Guilin Pharmaceutical Co., Ltd",Johnson and Johnson,,,,,,Pharmaceutical Company,"Kyorin Pharmaceutical Co., Ltd.",F. Hoffmann-La Roche Ltd,Merck,,,,Bayer Healthcare,,,,Sanofi,,,,,,Daiichi Sankyo,,Bristol-Myers Squibb,,,Pfizer Inc.,,,,,,Shire Pharmaceuticals,Boehringer Ingelheim,"Gilead Sciences, Inc.",,Eli Lilly and Company,Abbot Laboratories,Johnson and Johnson,Novartis,Chongqing Holley Pharmaceutical Co. Ltd and Sigma Tau Industrie Farmaceutiche,"Guilin Pharmaceutical Co., Ltd",,GlaxoSmithKline,,,,,Artepharm,,,,,,,,,
,"Kyorin Pharmaceutical Co., Ltd.",F. Hoffmann-La Roche Ltd,Merck,Merck,Merck,Merck,Bayer Healthcare,Bayer Healthcare,Bayer Healthcare,Sanofi,Sanofi,Sanofi,Sanofi,Daiichi Sankyo,Daiichi Sankyo,Bristol-Myers Squibb,Bristol-Myers Squibb,Bristol-Myers Squibb,Bristol-Myers Squibb,Pfizer Inc.,Pfizer Inc.,Pfizer Inc.,Pfizer Inc.,Pfizer Inc.,Pfizer Inc.,Shire Pharmaceuticals,Boehringer Ingelheim,"Gilead Sciences, Inc.","Gilead Sciences, Inc.",Eli Lilly and Company,Abbot Laboratories,Novartis,Chongqing Holley Pharmaceutical Co. Ltd and Sigma Tau Industrie Farmaceutiche,GlaxoSmithKline,GlaxoSmithKline,GlaxoSmithKline,"Guilin Pharmaceutical Co., Ltd",Johnson and Johnson,,,Burden Unalleviated,Total Burden in Absence of Treatment,,,"Kyorin Pharmaceutical Co., Ltd.",F. Hoffmann-La Roche Ltd,Merck,Merck,Merck,Merck,Bayer Healthcare,Bayer Healthcare,Bayer Healthcare,Bayer Healthcare,Sanofi,Sanofi,Sanofi,Sanofi,Sanofi,Sanofi,Daiichi Sankyo,Daiichi Sankyo,Bristol-Myers Squibb,Bristol-Myers Squibb,Bristol-Myers Squibb,Pfizer Inc.,Pfizer Inc.,Pfizer Inc.,Pfizer Inc.,Pfizer Inc.,Pfizer Inc.,Shire Pharmaceuticals,Boehringer Ingelheim,"Gilead Sciences, Inc.","Gilead Sciences, Inc.",Eli Lilly and Company,Abbot Laboratories,Johnson and Johnson,Novartis,Chongqing Holley Pharmaceutical Co. Ltd and Sigma Tau Industrie Farmaceutiche,"Guilin Pharmaceutical Co., Ltd","Guilin Pharmaceutical Co., Ltd",GlaxoSmithKline,GlaxoSmithKline,GlaxoSmithKline,GlaxoSmithKline,GlaxoSmithKline,Artepharm,,,Burden Unalleviated,Total Burden in Absence of Treatment,,,,,
Company Impact Score,"2,340.40","13,398,454.29","14,013,557.33",,,,"172,281.17",,,"35,621,495.07",,,,"9,624.73",,"528,347.58",,,,"13,419,511.20",,,,,,"1,194,589.55","810,100.27","309,222.85",,"3,218.06","40,612.35","29,628,679.24","14,710.97","454,960.01",,,0,387.7,,,,,,Company Impact Score,"4,490.59","10,817,673.56","11,243,244.76",,,,"237,740.90",,,,"18,758,750.99",,,,,,"17,254.52",,"483,453.61",,,"12,004,604.11",,,,,,"1,438,383.19","1,143,019.29","485,106.30",,"6,174.56","10,440.65","22,781.24","10,866,643.20",14.25,0,,"924,404.65",,,,,54.13,,,,,,,,,
Patent Date,1999,1952,1948,1996,1988,1954,1997,1941,1996,1967,1988,1988,1981,1983,1996,1973,1987,1996,1995/1993,1976,1959,1956,1948,1949,1996,1991,1996,1998,1996,2007,1996,2009,2010,1975,1996,1999,1986,1972,,,,,,Patent Date,1999,1952,1948,1996,1988,1954,1997,1996,1986,1941,1967,1988,1988,1981,1990,1988,1983,1996,1973,1987,1996,1976,1959,1956,1948,1949,1996,1991,1996,1998,1996,2007,1996,1972,2009,2010,1986,2007,1975,1999,1996,1999,1996,2010,,,,,,,,,
Patent Expiry Date,,,,,,,,,,,,,,,,,,,,,,,,,,,,,,,,,,,,,,,,,,,,,,,,,,,,,,,,,,,,,,,,,,,,,,,,,,,,,,,,,,,,,,,,,,,,,,,,,
Drug,Gatifloxacin (Gfx),Isoniazid (H or INH),Streptomycin (S or STR),Efavirenz (EFV),Ivermectin (IVM),Pyrazinamide (Z or PZA),Moxifloxacin (Mfx),Chloroquine (CQ),Praziquantel (PZQ),RIfampicin (R or RMP),Artesunate/Amodiaquine (AS + AQ),Artesunate / Sulfadoxine-pyrimethamine (AS + SP),Chloroquine + Primaquine (CQ+PQ),Ofloxacin (Ofx),Levofloxacin (Lfx),Amikacin (Amk),Didanosine (ddl),Stavudine (d4t),Atazanafir / Ritonavir (ATV/r),Ethambutol (E or EMB),Ethionamide (Eto),Cycloserine (Cs),p-aminosalicylic acid (PAS),Diethylcarbamazine (DEC),Nelfinavir (NFV),Lamivudine (3TC),Nevirapine (NVP),Emtricitabine (FTC),Tenofovir (TDF),Capreomycin (Cm),Lopinavir / Ritonavir (LPV/r),Artemether-Lumefantrine (AL),DHA-Piperaquine (DHA-PPQ),Albendazole (ALB),Abacavir (ABC),Zidovudine (AZT),Artesunate (AS),Mebendazole (MBZ),Impact by Disease Type,,DALYS,Need,,Drug,Gatifloxacin (Gfx),Isoniazid (H or INH),Streptomycin (S or STR),Efavirenz (EFV),Ivermectin (IVM),Pyrazinamide (Z or PZA),Moxifloxacin (Mfx),Praziquantel (PZQ),Suramin (SUR),Chloroquine (CQ),RIfampicin (R or RMP),Artesunate/Amodiaquine (AS + AQ),Artesunate / Sulfadoxine-pyrimethamine (AS + SP),Chloroquine + Primaquine (CQ+PQ),Artesunate + Mefloquine + Primaquine (AS + MQ + PQ),Artesunate + Sulfadoxine + Primaquine (AS+SP+PQ),Ofloxacin (Ofx),Levofloxacin (Lfx),Amikacin (Amk),Didanosine (ddl),Stavudine (d4t),Ethambutol (E or EMB),Ethionamide (Eto),Cycloserine (Cs),p-aminosalicylic acid (PAS),Diethylcarbamazine (DEC),Nelfinavir (NFV),Lamivudine (3TC),Nevirapine (NVP),Emtricitabine (FTC),Tenofovir (TDF),Capreomycin (Cm),Lopinavir / Ritonavir (LPV/r),Mebendazole (MBD),Artemether-Lumefantrine (AL),DHA-Piperaquine (DHA-PPQ),Artesunate (AS),Artemether (AM),Albendazole (ALB),"Atovaquone + Proguanil
(AT + PG)",Abacavir (ABC),Zidovudine (AZT),Abacavir (ABC),Artemisinin + Piperaquine (ART+PPQ),Impact by Disease Type,,DALYs,Need,,,,,
,,,,,,,,,,,,,,,,,,,,,,,,,,,,,,,,,,,,,,,,,,,,,,,,,,,,,,,,,,,,,,,,,,,,,,,,,,,,,,,,,,,,,,,,,,,,,,,,,
,,,,,,,,,,,,,,,,,,,,,,,,,,,,,,,,,,,,,,,,,,,,,,,,,,,,,,,,,,,,,,,,,,,,,,,,,,,,,,,,,,,,,,,,,,,,,,,,,
DS-TB,,"13,398,454.29",,,,"13,398,454.29",,,,"13,398,454.29",,,,,,,,,,"13,398,454.29",,,,,,,,,,,,,,,,,,,"53,593,817.18",,"41,496,877.56","95,090,694.73",,Drug Susceptible Tb,,"10,817,673.56",,,,"10,817,673.56",,,,,"10,817,673.56",,,,,,,,,,,"10,817,673.56",,,,,,,,,,,,,,,,,,,,,,,"43,270,694.24",,"43,262,445.67","86,533,139.91",,,,,
MDR-TB,,,"1,596.32",,,"1,350.37",,,,,,,,,"4,943.92",,,,,,"4,943.92","4,943.92",0,,,,,,,,,,,,,,,,"17,778.44",,"7,192,638.22","7,210,416.66",,MDR-TB,,,"2,896.11",,,"2,449.89",,,,,,,,,,,,"8,273.35",,,,,"8,273.35","8,273.35","8,273.35",,,,,,,,,,,,,,,,,,,,"38,439.39",,"5,566,644.28","5,605,083.67",,,,,
XDR-TB,"2,340.40",,,,,,"2,340.40",,,,,,,"2,340.40","2,340.40","3,218.06",,,,,,"9,751.68",,,,,,,,"3,218.06",,,,,,,,,"25,549.41",,"711,359.82","736,909.23",,XDR-TB,"4,490.59",,,,,,"4,490.59",,,,,,,,,,"4,490.59","4,490.59","6,174.56",,,,,"18,523.67",,,,,,,,"6,174.56",,,,,,,,,,,,,"48,835.13",,"591,148.07","639,983.20",,,,,
p. falc Malaria,,,,,,,,,,,"20,377,914.04","1,630,125.96",0,,,,,,,,,,,,,,,,,,,"29,575,488.81","14,710.97",,,,,,"51,598,239.78",,"77,294,165.75","128,892,405.53",,p falc Malaria,,,,,,,,,,,,"7,898,331.47","22,119.06",0,0,"1,305.24",,,,,,,,,,,,,,,,,,,"10,866,626.49",14.25,,0,,0,,,,54.13,"18,788,450.64",,"61,090,200.00","79,878,650.64",,,,,
p. vivax Malaria,,,,,,,,0,,,0,,"215,000.78",,,,,,,,,,,,,,,,,,,"53,190.43",0,,,,0,,"268,191.21",,"4,091,805.22","4,359,996.43",,p. vivax Malaria,,,,,,,,,,"139,705.16",,0,,"19,321.66",,,,,,,,,,,,,,,,,,,,,16.71,0,0,,,,,,,,"159,043.53",,"4,147,388.00","4,306,431.53",,,,,
HIV,,,,"494,220.13",,,,,,,,,,,,,"9,525.13","512,379.06","3,225.33",,,,,,55.42,"1,194,589.55","810,100.27","72,311.30","236,911.55",,"40,612.35",,,,"17,890.93","256,064.93",,,"3,647,885.96",,"81,989,587.10","85,637,473.06",,HIV,,,,"358,462.45",,,,,,,,,,,,,,,,"1,290.14","475,988.91",,,,,,"1,143,019.29","1,438,383.19","1,143,019.29","140,939.40","344,166.90",,"10,440.65",,,,,,,,"56,132.34","745,356.20","10,764.21",,"5,867,962.95",,"70,925,759.79","76,793,722.74",,,,,
Roundworm,,,,,"116,959.06",,,,,,,,,,,,,,,,,,,,,,,,,,,,,"150,959.80",,,,0,"267,918.86",,"830,035.61","1,097,954.47",,Roundworm,,,,,"2,500.47",,,,,,,,,,,,,,,,,,,,,,,,,,,,,"20,329.02",,,,,"52,022.61",,,,,,"74,852.10",,"751,024.77","825,876.88",,,,,
Hookworm,,,,,,,,,,,,,,,,,,,,,,,,,,,,,,,,,,"26,095.31",,,,93.99,"26,189.30",,"461,983.03","488,172.33",,Hookworm,,,,,,,,,,,,,,,,,,,,,,,,,,,,,,,,,,"2,132.96",,,,,"56,388.40",,,,,,"58,521.35",,"443,434.47","501,955.82",,,,,
Whipworm,,,,,0,,,,,,,,,,,,,,,,,,,,,,,,,,,,,"1,609.90",,,,293.71,"1,903.61",,"100,912.80","102,816.41",,Whipworm,,,,,0,,,,,,,,,,,,,,,,,,,,,,,,,,,,,319.26,,,,,"2,557.88",,,,,,"2,877.15",,"97,574.63","100,451.78",,,,,
Schistosomiasis,,,,,,,,,"169,940.76",,,,,,,,,,,,,,,,,,,,,,,,,,,,,,"169,940.76",,"2,388,539.47","2,558,480.23",,Schistosomiasis,,,,,,,,"93,545.15",,,,,,,,,,,,,,,,,,,,,,,,,,,,,,,,,,,,,"93,545.15",,"2,029,995.52","2,123,540.67",,,,,
Onchocerciasis,,,,,,,,,,,,,,,,,,,,,,,,,,,,,,,,,,,,,,,0,,0,0,,Onchocersais,,,,,"58,646.82",,,,,,,,,,,,,,,,,,,,,,,,,,,,,,,,,,,,,,,,"58,646.82",,"1,040,301.48","1,098,948.30",,,,,
LF,,,,,977.17,,,,,,,,,,,,,,,,,,,"1,361.97",,,,,,,,,,"2,339.14",,,,,"4,678.28",,"1,728,561.57","1,733,239.85",,LF,,,,,615.45,,,,,,,,,,,,,,,,,,,,,567.56,,,,,,,,,,,,,"1,183.01",,,,,,"2,366.02",,"1,361,353.76","1,363,719.78",,,,,
Sum,"2,340.40","13,398,454.29","1,596.32","494,220.13","117,936.22","13,399,804.66","2,340.40",0,"169,940.76","13,398,454.29","20,377,914.04","1,630,125.96","215,000.78","2,340.40","7,284.32","3,218.06","9,525.13","512,379.06","3,225.33","13,398,454.29","4,943.92","14,695.59",0,"1,361.97",55.42,"1,194,589.55","810,100.27","72,311.30","236,911.55","3,218.06","40,612.35","29,628,679.24","14,710.97","181,004.14","17,890.93","256,064.93",0,387.7,"109,622,092.77",,"218,286,466.16","327,908,558.93",,Sum,"4,490.59","10,817,673.56","2,896.11","358,462.45","61,762.75","10,820,123.45","4,490.59","93,545.15",0,"139,705.16","10,817,673.56","7,898,331.47","22,119.06","19,321.66",0,"1,305.24","4,490.59","12,763.93","6,174.56","1,290.14","475,988.91","10,817,673.56","8,273.35","26,797.02","8,273.35",567.56,"1,143,019.29","1,438,383.19","1,143,019.29","140,939.40","344,166.90","6,174.56","10,440.65","22,781.24","10,866,643.20",14.25,0,0,"112,151.90",0,"56,132.34","745,356.20","10,764.21",54.13,"68,464,234.47",,"191,307,270.44","259,771,504.92",,,,,
,,,,,,,,,,,,,,,,,,,,,,,,,,,,,,,,,,,,,,,,,,,,,,,,,,,,,,,,,,,,,,,,,,,,,,,,,,,,,,,,,,,,,,,,,,,,,,,,,
,,,,,,,,,,,,,,,,"PLEASE NOTE, THESE ARE COPIED AND PASTED SO WILL NOT AUTO UPDATE",,,,,,,,,,,,,,,,,,,,,,,,,,,,,,,,,,,,,,,,,,,,,,,,,,,,,,,,,,,,,,,,,,,,,,,,,,,,,,,,,
,,,,,,,,,,,,,,,,Company Ranking 2010,,,(Auto Updating 2010),Company Ranking 2013,,,(Auto Updating 2013),,,,,,,,,,,,,,,,,,,,,,,,,,,,,,,,,,,,,,,,,,,,,,,,,,,,,,,,,,,,,,,,,,,,,,,,,,
,,Manufacturer,DALYs Alleviated (TB) 2010,DALYs Alleviated (TB) 2015,Manufacturer,DALYs Alleviated (HIV) 2010,DALYs Alleviated (HIV) 2013,Manufacturer,DALYs Alleviated (Malaria) 2010,DALYs Alleviated (Malaria) 2013,,Manufacturer,2010 DALYs Alleviated (total),2013 DALYs Alleviated (total),,1,Novartis,"29,575,484.58","29,628,679.24",1,Pfizer Inc.,"12,219,633.95","12,004,604.11",,,,,,,,,,,,,,,,,,,,,,,,,,,,,,,,,,,,,,,,,,,,,,,,,,,,,,,,,,,,,,,,,,,,,,,,,,
,,Akorn Inc.,8.96,-,Abbott Laboratories Ltd.,17838.07,-,Abacus Pharma (Africa) Ltd.,0,,,Abacus Pharma (Africa) Ltd.,-,-,,2,Sanofi,"21,064,066.16","172,281.17",2,Merck,"11,290,886.55","11,243,244.76",,,,,,,,,,,,,,,,,,,,,,,,,,,,,,,,,,,,,,,,,,,,,,,,,,,,,,,,,,,,,,,,,,,,,,,,,,
,,Bayer Group,-,-,AbbVie Inc.,7108.54,-,Acino Pharma AG,,7591.88,,Abbott Laboratories Ltd.,"17,838.07",-,,3,Merck,"13,993,480.55","14,013,557.33",3,Novartis,"10,866,643.20","10,866,643.20",,,,,,,,,,,,,,,,,,,,,,,,,,,,,,,,,,,,,,,,,,,,,,,,,,,,,,,,,,,,,,,,,,,,,,,,,,
,,Cadila Pharmaceuticals Ltd.,"16,303,838.59",138.86,Actavis Pharma Ltd.,2753.67,,Ajanta Pharma Ltd.,2996887.43,982159.89,,AbbVie Inc.,"7,108.54",-,,4,Pfizer Inc.,"13,440,439.32","13,419,511.20",4,Sanofi,"10,860,419.51","18,758,750.99",,,,,,,,,,,,,,,,,,,,,,,,,,,,,,,,,,,,,,,,,,,,,,,,,,,,,,,,,,,,,,,,,,,,,,,,,,
,,Cipla Ltd.,"4,925.73",61.98,Adcock Ingram Healthcare (Pty) Ltd.,15996.96,,AstraZeneca Inc.,4920.7,,,Acino Pharma AG,-,"7,591.88",,5,F. Hoffmann-La Roche Ltd,"13,398,454.29","13,398,454.29",5,F. Hoffmann-La Roche Ltd,"10,817,673.56","10,817,673.56",,,,,,,,,,,,,,,,,,,,,,,,,,,,,,,,,,,,,,,,,,,,,,,,,,,,,,,,,,,,,,,,,,,,,,,,,,
,,"Dong-A Pharmaceutical Co., Ltd.",-,8.05,Aspen Pharmacare Ltd.,59724.64,"10,962.16",Bristol-Myers Squibb,17285.52,,,Actavis Pharma Ltd.,"2,753.67",-,,6,Chongqing Holley Pharmaceutical Co. Ltd and Sigma Tau Industrie Farmaceutiche,"7,129,446.79","14,710.97",6,Shire Pharmaceuticals,"1,646,819.45","1,438,383.19",,,,,,,,,,,,,,,,,,,,,,,,,,,,,,,,,,,,,,,,,,,,,,,,,,,,,,,,,,,,,,,,,,,,,,,,,,
,,Fatol Arzneimittel GmbH,"30,200.23",13.13,Aurobindo Pharma Ltd.,286901.33,"1,218,661.04",Cipla Ltd.,23354864.9,0,,Adcock Ingram Healthcare (Pty) Ltd.,"15,996.96",-,,7,Shire Pharmaceuticals,"1,194,589.55","1,194,589.55",7,Boehringer Ingelheim,"1,358,049.12","1,143,019.29",,,,,,,,,,,,,,,,,,,,,,,,,,,,,,,,,,,,,,,,,,,,,,,,,,,,,,,,,,,,,,,,,,,,,,,,,,
,,Fisiopharma S.r.l.,-,"232,958.48",Boehringer Ingelheim,234.65,12.16,Cipla Quality Chemical Industries Ltd.,,0,,Ajanta Pharma Ltd.,"2,996,887.43","982,159.89",,8,Boehringer Ingelheim,"810,100.27","810,100.27",8,GlaxoSmithKline,"1,081,054.24","924,404.65",,,,,,,,,,,,,,,,,,,,,,,,,,,,,,,,,,,,,,,,,,,,,,,,,,,,,,,,,,,,,,,,,,,,,,,,,,
,,Hetero Drugs Ltd.,-,-,Bristol-Myers Squibb,1956.45,54.82,Dafra Pharma International,0,0,,Akorn Inc.,8.96,-,,9,Bristol-Myers Squibb,"531,565.63","528,347.58",9,Bristol-Myers Squibb,"549,867.38","483,453.61",,,,,,,,,,,,,,,,,,,,,,,,,,,,,,,,,,,,,,,,,,,,,,,,,,,,,,,,,,,,,,,,,,,,,,,,,,
,,"Jacobus Pharmaceutical Co., Inc.","10,476.03",26.55,Cipla Ltd.,906096.3,"672,570.26",Durbin Plc.,8441230.46,0,,Aspen Pharmacare Ltd.,"59,724.64","10,962.16",,10,GlaxoSmithKline,"437,799.98","454,960.01",10,"Gilead Sciences, Inc.","469,217.85","485,106.30",,,,,,,,,,,,,,,,,,,,,,,,,,,,,,,,,,,,,,,,,,,,,,,,,,,,,,,,,,,,,,,,,,,,,,,,,,
,,Labatec-Pharma S.A.,-,25.81,Emcure Pharmaceuticals Ltd.,33873.48,893.11,FAMAR Health Care Services,,0,,AstraZeneca Inc.,"4,920.70",-,,11,"Gilead Sciences, Inc.","309,222.85","309,222.85",11,Bayer Healthcare,"237,740.90","237,740.90",,,,,,,,,,,,,,,,,,,,,,,,,,,,,,,,,,,,,,,,,,,,,,,,,,,,,,,,,,,,,,,,,,,,,,,,,,
,,Laboratoires Panpharma S.A.,85.51,5.25,F. Hoffmann-La Roche Ltd.,55.42,,"Gilead Sciences, Inc.",,,,Aurobindo Pharma Ltd.,"286,901.33","1,218,661.04",,12,Bayer Healthcare,"174,621.57","172,281.17",12,Johnson and Johnson,"22,781.24","22,781.24",,,,,,,,,,,,,,,,,,,,,,,,,,,,,,,,,,,,,,,,,,,,,,,,,,,,,,,,,,,,,,,,,,,,,,,,,,
,,Laboratorio Reig Jofre S.A.,24.42,0.56,"Gilead Sciences, Inc.",9939.58,"33,239.11",Gland Pharma Ltd.,0,270764.23,,Bayer Group,-,-,,13,Abbot Laboratories,"40,612.35","40,612.35",13,Daiichi Sankyo,"17,254.52","17,254.52",,,,,,,,,,,,,,,,,,,,,,,,,,,,,,,,,,,,,,,,,,,,,,,,,,,,,,,,,,,,,,,,,,,,,,,,,,
,,Lupin Ltd,"114,024,093.33","6,582.30",GlaxoSmithKline Ltd.,8332.58,250.9,GlaxoSmithKline Ltd.,,0,,Boehringer Ingelheim,234.65,12.16,,14,Daiichi Sankyo,"19,893.76","9,624.73",14,Abbot Laboratories,"6,748.99","10,440.65",,,,,,,,,,,,,,,,,,,,,,,,,,,,,,,,,,,,,,,,,,,,,,,,,,,,,,,,,,,,,,,,,,,,,,,,,,
,,Macleods Pharmaceuticals Ltd.,"45,138,448.49","2,343.64",Hetero Drugs Ltd.,1238942.47,"1,938,539.99","Guilin Pharmaceutical Co.,Ltd.",11003816.21,61609.25,,Bristol-Myers Squibb,"19,241.96",54.82,,15,Eli Lilly and Company,"6,436.11","3,218.06",15,Eli Lilly and Company,"6,174.56","6,174.56",,,,,,,,,,,,,,,,,,,,,,,,,,,,,,,,,,,,,,,,,,,,,,,,,,,,,,,,,,,,,,,,,,,,,,,,,,
,,Medochemie Ltd.,"6,368.97","4,585,969.85",Janssen-Cilag S.p.A.,0,,Hetero Drugs Ltd.,,,,Cadila Pharmaceuticals Ltd.,"16,303,838.59",138.86,,16,"Kyorin Pharmaceutical Co., Ltd.","4,680.81","2,340.40",16,"Kyorin Pharmaceutical Co., Ltd.","4,490.59","4,490.59",,,,,,,,,,,,,,,,,,,,,,,,,,,,,,,,,,,,,,,,,,,,,,,,,,,,,,,,,,,,,,,,,,,,,,,,,,
,,Meiji Seika Kaisha Ltd.,"13,650.19",45.92,Macleods Pharmaceuticals Ltd.,32669.7,79.82,"Holley-Cotec Pharmaceuticals Co., Ltd.",0,,,Cipla Ltd.,"24,265,886.93","672,632.24",,17,Johnson and Johnson,425.16,387.7,17,Chongqing Holley Pharmaceutical Co. Ltd and Sigma Tau Industrie Farmaceutiche,14.25,14.25,,,,,,,,,,,,,,,,,,,,,,,,,,,,,,,,,,,,,,,,,,,,,,,,,,,,,,,,,,,,,,,,,,,,,,,,,,
,,Micro Labs Ltd.,"125,410.07",72.81,Matrix Laboratories Ltd.,603190.07,"435,214.13",Imres Medical Solutions B.V.,,0,,Cipla Quality Chemical Industries Ltd.,-,-,,18,"Guilin Pharmaceutical Co., Ltd",0,-,18,"Guilin Pharmaceutical Co., Ltd",0,-,,,,,,,,,,,,,,,,,,,,,,,,,,,,,,,,,,,,,,,,,,,,,,,,,,,,,,,,,,,,,,,,,,,,,,,,,,
,,Novartis Pharma AG,-,-,"Merck, Sharp & Dohme Ltd.",14225.1,21.55,Intas Pharmaceuticals Ltd.,0,17512.43,,Dafra Pharma International,-,0,,,,,,,,,,,,,,,,,,,,,,,,,,,,,,,,,,,,,,,,,,,,,,,,,,,,,,,,,,,,,,,,,,,,,,,,,,,,,,,,,,,
,,Olainfarm SJC,-,28.37,Micro Labs Ltd.,91.23,"5,646.56",IPCA Laboratories Ltd.,995654.71,55.97,,"Dong-A Pharmaceutical Co., Ltd.",-,8.05,,,,,,,,,,,,,,,,,,,,,,,,,,,,,,,,,,,,,,,,,,,,,,,,,,,,,,,,,,,,,,,,,,,,,,,,,,,,,,,,,,,
,,Remedica Ltd.,-,-,Mylan Laboratories Ltd.,8765.47,"1,711,302.07",Laboratoire Renaudin,0,1641598.32,,Durbin Plc.,"8,441,230.46",-,,,,,,,,,,,,,,,,,,,,,,,,,,,,,,,,,,,,,,,,,,,,,,,,,,,,,,,,,,,,,,,,,,,,,,,,,,,,,,,,,,,
,,Strides Arcolab Ltd.,"14,022,290.92",394.03,Ranbaxy Laboratories Ltd.,485288.13,"19,198.17",Lomapharm - Rudolph Lohmann GmbH KG,0,,,Emcure Pharmaceuticals Ltd.,"33,873.48",893.11,,,,,,,,,,,,,,,,,,,,,,,,,,,,,,,,,,,,,,,,,,,,,,,,,,,,,,,,,,,,,,,,,,,,,,,,,,,,,,,,,,,
,,Svizera Europe B.V.,"65,107,379.13","14,507.31",Sonke Pharmaceuticals (Pty) Ltd.,8249.8,,Macleods Pharmaceuticals Ltd.,0,,,F. Hoffmann-La Roche Ltd.,55.42,-,,,,,,,,,,,,,,,,,,,,,,,,,,,,,,,,,,,,,,,,,,,,,,,,,,,,,,,,,,,,,,,,,,,,,,,,,,,,,,,,,,,
,,Vianex S.A.,-,-,Strides Arcolab Ltd.,90890.42,"46,426.20",Maneesh Pharmaceuticals Pvt. Ltd.,664294.59,,,FAMAR Health Care Services,-,-,,,,,,,,,,,,,,,,,,,,,,,,,,,,,,,,,,,,,,,,,,,,,,,,,,,,,,,,,,,,,,,,,,,,,,,,,,,,,,,,,,,
,,Victoria Pharmacy,-,-,Sun Pharmaceutical Industries Ltd.,67275.58,,Maphar Laboratories S.A,,,,Fatol Arzneimittel GmbH,"30,200.23",13.13,,,,,,,,,,,,,,,,,,,,,,,,,,,,,,,,,,,,,,,,,,,,,,,,,,,,,,,,,,,,,,,,,,,,,,,,,,,,,,,,,,,
,,,,,ViiV Healthcare,296.73,"1,020.67",Medical Export Group BV,75.98,314.37,,Fisiopharma S.r.l.,-,"232,958.48",,,,,,,,,,,,,,,,,,,,,,,,,,,,,,,,,,,,,,,,,,,,,,,,,,,,,,,,,,,,,,,,,,,,,,,,,,,,,,,,,,,
,,,,,"Zhejiang Huahai Pharmaceuticals Co., Ltd.",29.2,,Medochemie Ltd.,7023.52,,,"Gilead Sciences, Inc.","9,939.58","33,239.11",,,,,,,,,,,,,,,,,,,,,,,,,,,,,,,,,,,,,,,,,,,,,,,,,,,,,,,,,,,,,,,,,,,,,,,,,,,,,,,,,,,
,,,,,,,,Medopharm Remedies & Pharmaceuticals,318861.4,0,,Gland Pharma Ltd.,-,"270,764.23",,,,,,,,,,,,,,,,,,,,,,,,,,,,,,,,,,,,,,,,,,,,,,,,,,,,,,,,,,,,,,,,,,,,,,,,,,,,,,,,,,,
,,,,,,,,Mepha Ltd,8027.68,78.7,,GlaxoSmithKline Ltd.,"8,332.58",250.9,,,,,,,,,,,,,,,,,,,,,,,,,,,,,,,,,,,,,,,,,,,,,,,,,,,,,,,,,,,,,,,,,,,,,,,,,,,,,,,,,,,
,,,,,,,,Micro Labs Ltd.,6110.55,343.87,,"Guilin Pharmaceutical Co.,Ltd.","11,003,816.21","61,609.25",,,,,,,,,,,,,,,,,,,,,,,,,,,,,,,,,,,,,,,,,,,,,,,,,,,,,,,,,,,,,,,,,,,,,,,,,,,,,,,,,,,
,,,,,,,,Mylan Laboratories Ltd.,,,,Hetero Drugs Ltd.,"1,238,942.47","1,938,539.99",,,,,,,,,,,,,,,,,,,,,,,,,,,,,,,,,,,,,,,,,,,,,,,,,,,,,,,,,,,,,,,,,,,,,,,,,,,,,,,,,,,
,,,,,,,,Natco Pharma Ltd.,,,,"Holley-Cotec Pharmaceuticals Co., Ltd.",-,-,,,,,,,,,,,,,,,,,,,,,,,,,,,,,,,,,,,,,,,,,,,,,,,,,,,,,,,,,,,,,,,,,,,,,,,,,,,,,,,,,,,
,,,,,,,,Naxpar Lab Pvt Ltd.,-,,,Imres Medical Solutions B.V.,-,-,,,,,,,,,,,,,,,,,,,,,,,,,,,,,,,,,,,,,,,,,,,,,,,,,,,,,,,,,,,,,,,,,,,,,,,,,,,,,,,,,,,
,,,,,,,,Novartis Pharma AG,"18,766,269.62",,,Intas Pharmaceuticals Ltd.,-,"17,512.43",,,,,,,,,,,,,,,,,,,,,,,,,,,,,,,,,,,,,,,,,,,,,,,,,,,,,,,,,,,,,,,,,,,,,,,,,,,,,,,,,,,
,,,,,,,,Pharma Danica,,0,,IPCA Laboratories Ltd.,"995,654.71",55.97,,,,,,,,,,,,,,,,,,,,,,,,,,,,,,,,,,,,,,,,,,,,,,,,,,,,,,,,,,,,,,,,,,,,,,,,,,,,,,,,,,,
,,,,,,,,Purna Pharmaceuticals N.V.,-,1137.75,,"Jacobus Pharmaceutical Co., Inc.","10,476.03",26.55,,,,,,,,,,,,,,,,,,,,,,,,,,,,,,,,,,,,,,,,,,,,,,,,,,,,,,,,,,,,,,,,,,,,,,,,,,,,,,,,,,,
,,,,,,,,Remedica Ltd.,"84,037.65",6635958.73,,Janssen-Cilag S.p.A.,-,-,,,,,,,,,,,,,,,,,,,,,,,,,,,,,,,,,,,,,,,,,,,,,,,,,,,,,,,,,,,,,,,,,,,,,,,,,,,,,,,,,,,
,,,,,,,,Rotexmedica Gmbh,-,45630.5,,Labatec-Pharma S.A.,-,25.81,,,,,,,,,,,,,,,,,,,,,,,,,,,,,,,,,,,,,,,,,,,,,,,,,,,,,,,,,,,,,,,,,,,,,,,,,,,,,,,,,,,
,,,,,,,,Sanofi Aventis S.A.,-,0,,Laboratoire Renaudin,-,"1,641,598.32",,,,,,,,,,,,,,,,,,,,,,,,,,,,,,,,,,,,,,,,,,,,,,,,,,,,,,,,,,,,,,,,,,,,,,,,,,,,,,,,,,,
,,,,,,,,Sigma Tau Pharmaceuticals Inc.,,0,,Laboratoires Panpharma S.A.,85.51,5.25,,,,,,,,,,,,,,,,,,,,,,,,,,,,,,,,,,,,,,,,,,,,,,,,,,,,,,,,,,,,,,,,,,,,,,,,,,,,,,,,,,,
,,,,,,,,Strides Arcolab Ltd.,,0,,Laboratorio Reig Jofre S.A.,24.42,0.56,,,,,,,,,,,,,,,,,,,,,,,,,,,,,,,,,,,,,,,,,,,,,,,,,,,,,,,,,,,,,,,,,,,,,,,,,,,,,,,,,,,
,,,,,,,,,,,,Lomapharm - Rudolph Lohmann GmbH KG,-,-,,,,,,,,,,,,,,,,,,,,,,,,,,,,,,,,,,,,,,,,,,,,,,,,,,,,,,,,,,,,,,,,,,,,,,,,,,,,,,,,,,,
,,,,,,,,,,,,Lupin Ltd,"114,024,093.33","6,582.30",,,,,,,,,,,,,,,,,,,,,,,,,,,,,,,,,,,,,,,,,,,,,,,,,,,,,,,,,,,,,,,,,,,,,,,,,,,,,,,,,,,
,,,,,,,,,,,,Macleods Pharmaceuticals Ltd.,"45,171,118.19","2,423.46",,,,,,,Artepharm,54.13,,,,,,,,,,,,,,,,,,,,,,,,,,,,,,,,,,,,,,,,,,,,,,,,,,,,,,,,,,,,,,,,,,,,,,,,,,,
,,,,,,,,,,,,Maneesh Pharmaceuticals Pvt. Ltd.,"664,294.59",-,,,,,,,,,,,,,,,,,,,,,,,,,,,,,,,,,,,,,,,,,,,,,,,,,,,,,,,,,,,,,,,,,,,,,,,,,,,,,,,,,,,
,,,,,,,,,,,,Maphar Laboratories S.A,-,-,,,,,,,,,,,,,,,,,,,,,,,,,,,,,,,,,,,,,,,,,,,,,,,,,,,,,,,,,,,,,,,,,,,,,,,,,,,,,,,,,,,
,,,,,,,,,,,,Matrix Laboratories Ltd.,"603,190.07","435,214.13",,,,,,,,,,,,,,,,,,,,,,,,,,,,,,,,,,,,,,,,,,,,,,,,,,,,,,,,,,,,,,,,,,,,,,,,,,,,,,,,,,,
,,,,,,,,,,,,Medical Export Group BV,75.98,314.37,,,,,,,,,,,,,,,,,,,,,,,,,,,,,,,,,,,,,,,,,,,,,,,,,,,,,,,,,,,,,,,,,,,,,,,,,,,,,,,,,,,
,,,,,,,,,,,,Medochemie Ltd.,"13,392.48","4,585,969.85",,,,,,,,,,,,,,,,,,,,,,,,,,,,,,,,,,,,,,,,,,,,,,,,,,,,,,,,,,,,,,,,,,,,,,,,,,,,,,,,,,,
,,,,,,,,,,,,Medopharm Remedies & Pharmaceuticals,"318,861.40",-,,,,,,,,,,,,,,,,,,,,,,,,,,,,,,,,,,,,,,,,,,,,,,,,,,,,,,,,,,,,,,,,,,,,,,,,,,,,,,,,,,,
,,,,,,,,,,,,Meiji Seika Kaisha Ltd.,"13,650.19",45.92,,,,,,,,,,,,,,,,,,,,,,,,,,,,,,,,,,,,,,,,,,,,,,,,,,,,,,,,,,,,,,,,,,,,,,,,,,,,,,,,,,,
,,,,,,,,,,,,Mepha Ltd,"8,027.68",78.7,,,,,,,,,,,,,,,,,,,,,,,,,,,,,,,,,,,,,,,,,,,,,,,,,,,,,,,,,,,,,,,,,,,,,,,,,,,,,,,,,,,
,,,,,,,,,,,,"Merck, Sharp & Dohme Ltd.","14,225.10",21.55,,,,,,,,,,,,,,,,,,,,,,,,,,,,,,,,,,,,,,,,,,,,,,,,,,,,,,,,,,,,,,,,,,,,,,,,,,,,,,,,,,,
,,,,,,,,,,,,Micro Labs Ltd.,"131,611.85","6,063.25",,,,,,,,,,,,,,,,,,,,,,,,,,,,,,,,,,,,,,,,,,,,,,,,,,,,,,,,,,,,,,,,,,,,,,,,,,,,,,,,,,,
,,,,,,,,,,,,Mylan Laboratories Ltd.,"8,765.47","1,711,302.07",,,,,,,,,,,,,,,,,,,,,,,,,,,,,,,,,,,,,,,,,,,,,,,,,,,,,,,,,,,,,,,,,,,,,,,,,,,,,,,,,,,
,,,,,,,,,,,,Natco Pharma Ltd.,-,-,,,,,,,,,,,,,,,,,,,,,,,,,,,,,,,,,,,,,,,,,,,,,,,,,,,,,,,,,,,,,,,,,,,,,,,,,,,,,,,,,,,
,,,,,,,,,,,,Naxpar Lab Pvt Ltd.,-,-,,,,,,,,,,,,,,,,,,,,,,,,,,,,,,,,,,,,,,,,,,,,,,,,,,,,,,,,,,,,,,,,,,,,,,,,,,,,,,,,,,,
,,,,,,,,,,,,Novartis Pharma AG,"18,766,269.62",-,,,,,,,,,,,,,,,,,,,,,,,,,,,,,,,,,,,,,,,,,,,,,,,,,,,,,,,,,,,,,,,,,,,,,,,,,,,,,,,,,,,
,,,,,,,,,,,,Olainfarm SJC,-,28.37,,,,,,,,,,,,,,,,,,,,,,,,,,,,,,,,,,,,,,,,,,,,,,,,,,,,,,,,,,,,,,,,,,,,,,,,,,,,,,,,,,,
,,,,,,,,,,,,Pharma Danica,-,-,,,,,,,,,,,,,,,,,,,,,,,,,,,,,,,,,,,,,,,,,,,,,,,,,,,,,,,,,,,,,,,,,,,,,,,,,,,,,,,,,,,
,,,,,,,,,,,,Purna Pharmaceuticals N.V.,-,"1,137.75",,,,,,,,,,,,,,,,,,,,,,,,,,,,,,,,,,,,,,,,,,,,,,,,,,,,,,,,,,,,,,,,,,,,,,,,,,,,,,,,,,,
,,,,,,,,,,,,Ranbaxy Laboratories Ltd.,"485,288.13","19,198.17",,,,,,,,,,,,,,,,,,,,,,,,,,,,,,,,,,,,,,,,,,,,,,,,,,,,,,,,,,,,,,,,,,,,,,,,,,,,,,,,,,,
,,,,,,,,,,,,Remedica Ltd.,"84,037.65","6,635,958.73",,,,,,,,,,,,,,,,,,,,,,,,,,,,,,,,,,,,,,,,,,,,,,,,,,,,,,,,,,,,,,,,,,,,,,,,,,,,,,,,,,,
,,,,,,,,,,,,Rotexmedica Gmbh,-,"45,630.50",,,,,,,,,,,,,,,,,,,,,,,,,,,,,,,,,,,,,,,,,,,,,,,,,,,,,,,,,,,,,,,,,,,,,,,,,,,,,,,,,,,
,,,,,,,,,,,,Sanofi Aventis S.A.,-,-,,,,,,,,,,,,,,,,,,,,,,,,,,,,,,,,,,,,,,,,,,,,,,,,,,,,,,,,,,,,,,,,,,,,,,,,,,,,,,,,,,,
,,,,,,,,,,,,Sigma Tau Pharmaceuticals Inc.,-,-,,,,,,,,,,,,,,,,,,,,,,,,,,,,,,,,,,,,,,,,,,,,,,,,,,,,,,,,,,,,,,,,,,,,,,,,,,,,,,,,,,,
,,,,,,,,,,,,Sonke Pharmaceuticals (Pty) Ltd.,"8,249.80",-,,,,,,,,,,,,,,,,,,,,,,,,,,,,,,,,,,,,,,,,,,,,,,,,,,,,,,,,,,,,,,,,,,,,,,,,,,,,,,,,,,,
,,,,,,,,,,,,Strides Arcolab Ltd.,"14,113,181.34","46,820.23",,,,,,,,,,,,,,,,,,,,,,,,,,,,,,,,,,,,,,,,,,,,,,,,,,,,,,,,,,,,,,,,,,,,,,,,,,,,,,,,,,,
,,,,,,,,,,,,Sun Pharmaceutical Industries Ltd.,"67,275.58",-,,,,,,,,,,,,,,,,,,,,,,,,,,,,,,,,,,,,,,,,,,,,,,,,,,,,,,,,,,,,,,,,,,,,,,,,,,,,,,,,,,,
,,,,,,,,,,,,Svizera Europe B.V.,"65,107,379.13","14,507.31",,,,,,,,,,,,,,,,,,,,,,,,,,,,,,,,,,,,,,,,,,,,,,,,,,,,,,,,,,,,,,,,,,,,,,,,,,,,,,,,,,,
,,,,,,,,,,,,Vianex S.A.,-,-,,,,,,,,,,,,,,,,,,,,,,,,,,,,,,,,,,,,,,,,,,,,,,,,,,,,,,,,,,,,,,,,,,,,,,,,,,,,,,,,,,,
,,,,,,,,,,,,Victoria Pharmacy,-,-,,,,,,,,,,,,,,,,,,,,,,,,,,,,,,,,,,,,,,,,,,,,,,,,,,,,,,,,,,,,,,,,,,,,,,,,,,,,,,,,,,,
,,,,,,,,,,,,ViiV Healthcare,296.73,"1,020.67",,,,,,,,,,,,,,,,,,,,,,,,,,,,,,,,,,,,,,,,,,,,,,,,,,,,,,,,,,,,,,,,,,,,,,,,,,,,,,,,,,,
,,,,,,,,,,,,"Zhejiang Huahai Pharmaceuticals Co., Ltd.",29.2,-,,,,,,,,,,,,,,,,,,,,,,,,,,,,,,,,,,,,,,,,,,,,,,,,,,,,,,,,,,,,,,,,,,,,,,,,,,,,,,,,,,,
,,,,,,,,,,,,,,,,,,,,,,,,,,,,,,,,,,,,,,,,,,,,,,,,,,,,,,,,,,,,,,,,,,,,,,,,,,,,,,,,,,,,,,,,,,,,,,,,,
,,,,,,,,,,,,,,,,,,,,,,,,,,,,,,,,,,,,,,,,,,,,,,,,,,,,,,,,,,,,,,,,,,,,,,,,,,,,,,,,,,,,,,,,,,,,,,,,,
,,,,,,,,,,,,,,,,,,,,,,,,,,,,,,,,,,,,,,,,,,,,,,,,,,,,,,,,,,,,,,,,,,,,,,,,,,,,,,,,,,,,,,,,,,,,,,,,,
,,,,,,,,,,,,,,,,,,,,,,,,,,,,,,,,,,,,,,,,,,,,,,,,,,,,,,,,,,,,,,,,,,,,,,,,,,,,,,,,,,,,,,,,,,,,,,,,,
We use this for website,Drug Efficacy,Drug Efficacy,Treatment Percentage,,Treatment Percentage,,We use this for website,Overall Efficacy,,Overall Treatment Coverage,,Overall Need,,,,,,,,,,,,,,,,,,,,,,,,,,,,,,,,,,,,,,,,,,,,,,,,,,,,,,,,,,,,,,,,,,,,,,,,,,,,,,,,,,,,,
,2010,2013,2010,,2013,,,2010,"2,013.00","2,010.00","2,013.00","2,010.00","2,013.00",,,,,,,,,,,,,,,,,,,,,,,,,,,,,,,,,,,,,,,,,,,,,,,,,,,,,,,,,,,,,,,,,,,,,,,,,,,,,,,,,,,,
,,,,,,,TB,76.31%,67.63%,62.21%,55.44%,"103,038,020.62",0,,,,,,,,,,,,,,,,,,,,,,,,,,,,,,,,,,,,,,,,,,,,,,,,,,,,,,,,,,,,,,,,,,,,,,,,,,,,,,,,,,,,
,,,,,,,Malaria,96.80%,97.41%,0.07%,0.48%,"133,252,401.95",0,,,,,,,,,,,,,,,,,,,,,,,,,,,,,,,,,,,,,,,,,,,,,,,,,,,,,,,,,,,,,,,,,,,,,,,,,,,,,,,,,,,,
Drug Susceptible Tb / HIV+,,,,,,,HIV,73.21%,,48.06%,38.30%,"3,647,885.96",,,,,,,,,,,,,,,,,,,,,,,,,,,,,,,,,,,,,,,,,,,,,,,,,,,,,,,,,,,,,,,,,,,,,,,,,,,,,,,,,,,,,
"isoniazid (INH or H), rifampin (R or RMP), ethambutol (E or EMB), and pyrazinamide (Z or PZA).",72.00%,88.00%,65.90%,0,58.00%,,Hookworm,64.49%,65.40%,,,"26,189.30",,,,,,,,,,,,,,,,,,,,,,,,,,,,,,,,,,,,,,,,,,,,,,,,,,,,,,,,,,,,,,,,,,,,,,,,,,,,,,,,,,,,,
Drug Susceptible Tb / HIV-,,,,,,,Roundworm,96.52%,96.92%,,,"267,918.86",,,,,,,,,,,,,,,,,,,,,,,,,,,,,,,,,,,,,,,,,,,,,,,,,,,,,,,,,,,,,,,,,,,,,,,,,,,,,,,,,,,,,
"isoniazid (INH or H), rifampin (R or RMP), ethambutol (E or EMB), and pyrazinamide (Z or PZA).",88.00%,52.00%,65.90%,,58.00%,,Whipworm,42.39%,42.39%,,,"1,903.61",,,,,,,,,,,,,,,,,,,,,,,,,,,,,,,,,,,,,,,,,,,,,,,,,,,,,,,,,,,,,,,,,,,,,,,,,,,,,,,,,,,,,
MDR-TB,,,,,,,Onchocerciasis,,83.36%,,53.34%,0,,,,,,,,,,,,,,,,,,,,,,,,,,,,,,,,,,,,,,,,,,,,,,,,,,,,,,,,,,,,,,,,,,,,,,,,,,,,,,,,,,,,,
Z+S+Lfx+Eto+Cs+PAS,22.51%,3.49%,16.02%,,15.76%,,Schistosomiasis,71.75%,78.43%,42.35%,42.35%,"169,940.76",,,,,,,,,,,,,,,,,,,,,,,,,,,,,,,,,,,,,,,,,,,,,,,,,,,,,,,,,,,,,,,,,,,,,,,,,,,,,,,,,,,,,
S+Lfx+Eto+Cs+PAS,3.49%,74.00%,16.02%,,15.76%,,LF,43.28%,43.28%,38.88%,51.12%,"4,678.28",,,,,,,,,,,,,,,,,,,,,,,,,,,,,,,,,,,,,,,,,,,,,,,,,,,,,,,,,,,,,,,,,,,,,,,,,,,,,,,,,,,,,
Km+Lfx+Eto+Cs+PAS,74.00%,,16.02%,,15.76%,,,,,,,,,,,,,,,,,,,,,,,,,,,,,,,,,,,,,,,,,,,,,,,,,,,,,,,,,,,,,,,,,,,,,,,,,,,,,,,,,,,,,,,,,,,,
XDR-TB,,,,,,,,,,,,,,,,,,,,,,,,,,,,,,,,,,,,,,,,,,,,,,,,,,,,,,,,,,,,,,,,,,,,,,,,,,,,,,,,,,,,,,,,,,,,,,,,,
Cs+ Km(or)Amk(or)Cm+Lfx(or)Mfx(or)Gfx(or)Ofx,20.00%,,38.00%,,57.00%,,,,,,,,,,,,,,,,,,,,,,,,,,,,,,,,,,,,,,,,,,,,,,,,,,,,,,,,,,,,,,,,,,,,,,,,,,,,,,,,,,,,,,,,,,,,
p falc Malaria,,,,,,,,,,,,,,,,,,,,,,,,,,,,,,,,,,,,,,,,,,,,,,,,,,,,,,,,,,,,,,,,,,,,,,,,,,,,,,,,,,,,,,,,,,,,,,,,,
artemether-lumefantrine (AL),98.04%,98.15%,0.06%,,0.50%,,,,,,,,,,,,,,,,,,,,,,,,,,,,,,,,,,,,,,,,,,,,,,,,,,,,,,,,,,,,,,,,,,,,,,,,,,,,,,,,,,,,,,,,,,,,
artesunate + sulfadoxine-pyrimethamine (AS+SP),94.49%,94.33%,0.06%,,0.50%,,,,,,,,,,,,,,,,,,,,,,,,,,,,,,,,,,,,,,,,,,,,,,,,,,,,,,,,,,,,,,,,,,,,,,,,,,,,,,,,,,,,,,,,,,,,
dihydroarteminisin-piperaquine (DHA-PPQ),97.58%,97.14%,0.06%,,0.50%,,,,,,,,,,,,,,,,,,,,,,,,,,,,,,,,,,,,,,,,,,,,,,,,,,,,,,,,,,,,,,,,,,,,,,,,,,,,,,,,,,,,,,,,,,,,
artesunate + mefloquine (AS+MQ),98.47%,98.47%,0.06%,,0.50%,,,,,,,,,,,,,,,,,,,,,,,,,,,,,,,,,,,,,,,,,,,,,,,,,,,,,,,,,,,,,,,,,,,,,,,,,,,,,,,,,,,,,,,,,,,,
artesunate + amodiaquine (AS+AQ),94.90%,96.30%,0.06%,,0.50%,,,,,,,,,,,,,,,,,,,,,,,,,,,,,,,,,,,,,,,,,,,,,,,,,,,,,,,,,,,,,,,,,,,,,,,,,,,,,,,,,,,,,,,,,,,,
Chloroquine-primaquine (CQ+PQ),,99.33%,0.06%,,0.50%,,,,,,,,,,,,,,,,,,,,,,,,,,,,,,,,,,,,,,,,,,,,,,,,,,,,,,,,,,,,,,,,,,,,,,,,,,,,,,,,,,,,,,,,,,,,
p. vivax Malaria (list regimens),,,,,,,,,,,,,,,,,,,,,,,,,,,,,,,,,,,,,,,,,,,,,,,,,,,,,,,,,,,,,,,,,,,,,,,,,,,,,,,,,,,,,,,,,,,,,,,,,
chloroquine-primaquine (CQ + PQ),100.00%,99.75%,0.16%,,0.14%,,,,,,,,,,,,,,,,,,,,,,,,,,,,,,,,,,,,,,,,,,,,,,,,,,,,,,,,,,,,,,,,,,,,,,,,,,,,,,,,,,,,,,,,,,,,
HIV,"N.B. Averaging efficacies not accurate across groups (Adults vs Children, A vs B, 1st vs Second Line)",,Adults,Children,Adults,Children,,,,,,,,,,,,,,,,,,,,,,,,,,,,,,,,,,,,,,,,,,,,,,,,,,,,,,,,,,,,,,,,,,,,,,,,,,,,,,,,,,,,,,,,,,,
,,,42.88%,23.91%,36.08%,24.79%,,,,,,,,,,,,,,,,,,,,,,,,,,,,,,,,,,,,,,,,,,,,,,,,,,,,,,,,,,,,,,,,,,,,,,,,,,,,,,,,,,,,,,,,,,,
,,,42.88%,23.91%,36.08%,24.79%,,,,,,,,,,,,,,,,,,,,,,,,,,,,,,,,,,,,,,,,,,,,,,,,,,,,,,,,,,,,,,,,,,,,,,,,,,,,,,,,,,,,,,,,,,,
,,,42.88%,23.91%,36.08%,24.79%,,,,,,,,,,,,,,,,,,,,,,,,,,,,,,,,,,,,,,,,,,,,,,,,,,,,,,,,,,,,,,,,,,,,,,,,,,,,,,,,,,,,,,,,,,,
,,,42.88%,23.91%,36.08%,24.79%,,,,,,,,,,,,,,,,,,,,,,,,,,,,,,,,,,,,,,,,,,,,,,,,,,,,,,,,,,,,,,,,,,,,,,,,,,,,,,,,,,,,,,,,,,,
,,,42.88%,23.91%,36.08%,24.79%,,,,,,,,,,,,,,,,,,,,,,,,,,,,,,,,,,,,,,,,,,,,,,,,,,,,,,,,,,,,,,,,,,,,,,,,,,,,,,,,,,,,,,,,,,,
,,,42.88%,23.91%,36.08%,24.79%,,,,,,,,,,,,,,,,,,,,,,,,,,,,,,,,,,,,,,,,,,,,,,,,,,,,,,,,,,,,,,,,,,,,,,,,,,,,,,,,,,,,,,,,,,,
,,,42.88%,23.91%,36.08%,24.79%,,,,,,,,,,,,,,,,,,,,,,,,,,,,,,,,,,,,,,,,,,,,,,,,,,,,,,,,,,,,,,,,,,,,,,,,,,,,,,,,,,,,,,,,,,,
,,,42.88%,23.91%,36.08%,24.79%,,,,,,,,,,,,,,,,,,,,,,,,,,,,,,,,,,,,,,,,,,,,,,,,,,,,,,,,,,,,,,,,,,,,,,,,,,,,,,,,,,,,,,,,,,,
,,,42.88%,23.91%,36.08%,24.79%,,,,,,,,,,,,,,,,,,,,,,,,,,,,,,,,,,,,,,,,,,,,,,,,,,,,,,,,,,,,,,,,,,,,,,,,,,,,,,,,,,,,,,,,,,,
,,,42.88%,23.91%,36.08%,24.79%,,,,,,,,,,,,,,,,,,,,,,,,,,,,,,,,,,,,,,,,,,,,,,,,,,,,,,,,,,,,,,,,,,,,,,,,,,,,,,,,,,,,,,,,,,,
,,,42.88%,23.91%,36.08%,24.79%,,,,,,,,,,,,,,,,,,,,,,,,,,,,,,,,,,,,,,,,,,,,,,,,,,,,,,,,,,,,,,,,,,,,,,,,,,,,,,,,,,,,,,,,,,,
,,,42.88%,23.91%,36.08%,24.79%,,,,,,,,,,,,,,,,,,,,,,,,,,,,,,,,,,,,,,,,,,,,,,,,,,,,,,,,,,,,,,,,,,,,,,,,,,,,,,,,,,,,,,,,,,,
,,,42.88%,23.91%,36.08%,24.79%,,,,,,,,,,,,,,,,,,,,,,,,,,,,,,,,,,,,,,,,,,,,,,,,,,,,,,,,,,,,,,,,,,,,,,,,,,,,,,,,,,,,,,,,,,,
,,,42.88%,23.91%,36.08%,24.79%,,,,,,,,,,,,,,,,,,,,,,,,,,,,,,,,,,,,,,,,,,,,,,,,,,,,,,,,,,,,,,,,,,,,,,,,,,,,,,,,,,,,,,,,,,,
,,,42.88%,23.91%,36.08%,24.79%,,,,,,,,,,,,,,,,,,,,,,,,,,,,,,,,,,,,,,,,,,,,,,,,,,,,,,,,,,,,,,,,,,,,,,,,,,,,,,,,,,,,,,,,,,,
,,,42.88%,23.91%,36.08%,24.79%,,,,,,,,,,,,,,,,,,,,,,,,,,,,,,,,,,,,,,,,,,,,,,,,,,,,,,,,,,,,,,,,,,,,,,,,,,,,,,,,,,,,,,,,,,,
,,,42.88%,23.91%,36.08%,24.79%,,,,,,,,,,,,,,,,,,,,,,,,,,,,,,,,,,,,,,,,,,,,,,,,,,,,,,,,,,,,,,,,,,,,,,,,,,,,,,,,,,,,,,,,,,,
,,,42.88%,23.91%,36.08%,24.79%,,,,,,,,,,,,,,,,,,,,,,,,,,,,,,,,,,,,,,,,,,,,,,,,,,,,,,,,,,,,,,,,,,,,,,,,,,,,,,,,,,,,,,,,,,,
,,,42.88%,23.91%,36.08%,24.79%,,,,,,,,,,,,,,,,,,,,,,,,,,,,,,,,,,,,,,,,,,,,,,,,,,,,,,,,,,,,,,,,,,,,,,,,,,,,,,,,,,,,,,,,,,,
,,,42.88%,23.91%,36.08%,24.79%,,,,,,,,,,,,,,,,,,,,,,,,,,,,,,,,,,,,,,,,,,,,,,,,,,,,,,,,,,,,,,,,,,,,,,,,,,,,,,,,,,,,,,,,,,,
,,,42.88%,23.91%,36.08%,24.79%,,,,,,,,,,,,,,,,,,,,,,,,,,,,,,,,,,,,,,,,,,,,,,,,,,,,,,,,,,,,,,,,,,,,,,,,,,,,,,,,,,,,,,,,,,,
,,,42.88%,23.91%,36.08%,24.79%,,,,,,,,,,,,,,,,,,,,,,,,,,,,,,,,,,,,,,,,,,,,,,,,,,,,,,,,,,,,,,,,,,,,,,,,,,,,,,,,,,,,,,,,,,,
,,,42.88%,23.91%,36.08%,24.79%,,,,,,,,,,,,,,,,,,,,,,,,,,,,,,,,,,,,,,,,,,,,,,,,,,,,,,,,,,,,,,,,,,,,,,,,,,,,,,,,,,,,,,,,,,,
,,,42.88%,23.91%,36.08%,24.79%,,,,,,,,,,,,,,,,,,,,,,,,,,,,,,,,,,,,,,,,,,,,,,,,,,,,,,,,,,,,,,,,,,,,,,,,,,,,,,,,,,,,,,,,,,,
,,,42.88%,23.91%,36.08%,24.79%,,,,,,,,,,,,,,,,,,,,,,,,,,,,,,,,,,,,,,,,,,,,,,,,,,,,,,,,,,,,,,,,,,,,,,,,,,,,,,,,,,,,,,,,,,,
,,,42.88%,23.91%,36.08%,24.79%,,,,,,,,,,,,,,,,,,,,,,,,,,,,,,,,,,,,,,,,,,,,,,,,,,,,,,,,,,,,,,,,,,,,,,,,,,,,,,,,,,,,,,,,,,,
,,,42.88%,23.91%,36.08%,24.79%,,,,,,,,,,,,,,,,,,,,,,,,,,,,,,,,,,,,,,,,,,,,,,,,,,,,,,,,,,,,,,,,,,,,,,,,,,,,,,,,,,,,,,,,,,,
Roundworm (list regimens),,,Pre-SAC,SAC,Pre-SAC,SAC,,,,,,,,,,,,,,,,,,,,,,,,,,,,,,,,,,,,,,,,,,,,,,,,,,,,,,,,,,,,,,,,,,,,,,,,,,,,,,,,,,,,,,,,,,,
Albendazole (Alb),92.03%,93.84%,61.26%,43.00%,65.08%,55.99%,,,,,,,,,,,,,,,,,,,,,,,,,,,,,,,,,,,,,,,,,,,,,,,,,,,,,,,,,,,,,,,,,,,,,,,,,,,,,,,,,,,,,,,,,,,
Mebendazole (Mbd),97.53%,96.90%,61.26%,43.00%,65.08%,55.99%,,,,,,,,,,,,,,,,,,,,,,,,,,,,,,,,,,,,,,,,,,,,,,,,,,,,,,,,,,,,,,,,,,,,,,,,,,,,,,,,,,,,,,,,,,,
Ivermectin + Albendazole (Ivm + Alb),100.00%,100.00%,61.26%,43.00%,65.08%,55.99%,,,,,,,,,,,,,,,,,,,,,,,,,,,,,,,,,,,,,,,,,,,,,,,,,,,,,,,,,,,,,,,,,,,,,,,,,,,,,,,,,,,,,,,,,,,
Diethylcarbamazine + Albendazole (Dec + Alb),No Data,No Data,No Data,No Data,No Data,No Data,,,,,,,,,,,,,,,,,,,,,,,,,,,,,,,,,,,,,,,,,,,,,,,,,,,,,,,,,,,,,,,,,,,,,,,,,,,,,,,,,,,,,,,,,,,
Praziquantel + Albendazole (Pzq + Alb),No Data,No Data,No Data,No Data,No Data,No Data,,,,,,,,,,,,,,,,,,,,,,,,,,,,,,,,,,,,,,,,,,,,,,,,,,,,,,,,,,,,,,,,,,,,,,,,,,,,,,,,,,,,,,,,,,,
Praziquantel + Mebendazole (Pzq + Mbd),No Data,No Data,No Data,No Data,No Data,No Data,,,,,,,,,,,,,,,,,,,,,,,,,,,,,,,,,,,,,,,,,,,,,,,,,,,,,,,,,,,,,,,,,,,,,,,,,,,,,,,,,,,,,,,,,,,
Hookworm,,,Pre-SAC,SAC,Pre-SAC,SAC,,,,,,,,,,,,,,,,,,,,,,,,,,,,,,,,,,,,,,,,,,,,,,,,,,,,,,,,,,,,,,,,,,,,,,,,,,,,,,,,,,,,,,,,,,,
Albendazole (Alb),84.72%,85.83%,61.26%,43.00%,65.08%,55.99%,,,,,,,,,,,,,,,,,,,,,,,,,,,,,,,,,,,,,,,,,,,,,,,,,,,,,,,,,,,,,,,,,,,,,,,,,,,,,,,,,,,,,,,,,,,
Mebendazole (Mbd),44.26%,44.98%,61.26%,43.00%,65.08%,55.99%,,,,,,,,,,,,,,,,,,,,,,,,,,,,,,,,,,,,,,,,,,,,,,,,,,,,,,,,,,,,,,,,,,,,,,,,,,,,,,,,,,,,,,,,,,,
Ivermectin + Albendazole (Ivm + Alb),No Data,No Data,No Data,No Data,No Data,No Data,,,,,,,,,,,,,,,,,,,,,,,,,,,,,,,,,,,,,,,,,,,,,,,,,,,,,,,,,,,,,,,,,,,,,,,,,,,,,,,,,,,,,,,,,,,
Diethylcarbamazine + Albendazole (Dec + Alb),No Data,No Data,No Data,No Data,No Data,No Data,,,,,,,,,,,,,,,,,,,,,,,,,,,,,,,,,,,,,,,,,,,,,,,,,,,,,,,,,,,,,,,,,,,,,,,,,,,,,,,,,,,,,,,,,,,
Praziquantel + Albendazole (Pzq + Alb),No Data,No Data,No Data,No Data,No Data,No Data,,,,,,,,,,,,,,,,,,,,,,,,,,,,,,,,,,,,,,,,,,,,,,,,,,,,,,,,,,,,,,,,,,,,,,,,,,,,,,,,,,,,,,,,,,,
Praziquantel + Mebendazole (Pzq + Mbd),No Data,No Data,No Data,No Data,No Data,No Data,,,,,,,,,,,,,,,,,,,,,,,,,,,,,,,,,,,,,,,,,,,,,,,,,,,,,,,,,,,,,,,,,,,,,,,,,,,,,,,,,,,,,,,,,,,
Whipworm,,,Pre-SAC,SAC,Pre-SAC,SAC,,,,,,,,,,,,,,,,,,,,,,,,,,,,,,,,,,,,,,,,,,,,,,,,,,,,,,,,,,,,,,,,,,,,,,,,,,,,,,,,,,,,,,,,,,,
Albendazole (Alb),34.01%,34.01%,61.26%,43.00%,65.08%,55.99%,,,,,,,,,,,,,,,,,,,,,,,,,,,,,,,,,,,,,,,,,,,,,,,,,,,,,,,,,,,,,,,,,,,,,,,,,,,,,,,,,,,,,,,,,,,
Mebendazole (Mbd),50.77%,50.77%,61.26%,43.00%,65.08%,55.99%,,,,,,,,,,,,,,,,,,,,,,,,,,,,,,,,,,,,,,,,,,,,,,,,,,,,,,,,,,,,,,,,,,,,,,,,,,,,,,,,,,,,,,,,,,,
Ivermectin + Albendazole (Ivm + Alb),No Data,No Data,No Data,No Data,No Data,No Data,,,,,,,,,,,,,,,,,,,,,,,,,,,,,,,,,,,,,,,,,,,,,,,,,,,,,,,,,,,,,,,,,,,,,,,,,,,,,,,,,,,,,,,,,,,
Diethylcarbamazine + Albendazole (Dec + Alb),No Data,No Data,No Data,No Data,No Data,No Data,,,,,,,,,,,,,,,,,,,,,,,,,,,,,,,,,,,,,,,,,,,,,,,,,,,,,,,,,,,,,,,,,,,,,,,,,,,,,,,,,,,,,,,,,,,
Praziquantel + Albendazole (Pzq + Alb),No Data,No Data,No Data,No Data,No Data,No Data,,,,,,,,,,,,,,,,,,,,,,,,,,,,,,,,,,,,,,,,,,,,,,,,,,,,,,,,,,,,,,,,,,,,,,,,,,,,,,,,,,,,,,,,,,,
Praziquantel + Mebendazole (Pzq + Mbd),No Data,No Data,No Data,No Data,No Data,No Data,,,,,,,,,,,,,,,,,,,,,,,,,,,,,,,,,,,,,,,,,,,,,,,,,,,,,,,,,,,,,,,,,,,,,,,,,,,,,,,,,,,,,,,,,,,
Schistosomiasis,,,,,,,,,,,,,,,,,,,,,,,,,,,,,,,,,,,,,,,,,,,,,,,,,,,,,,,,,,,,,,,,,,,,,,,,,,,,,,,,,,,,,,,,,,,,,,,,,
Ivermectin + Albendazole (Ivm + Alb),No Data,No Data,,,,,,,,,,,,,,,,,,,,,,,,,,,,,,,,,,,,,,,,,,,,,,,,,,,,,,,,,,,,,,,,,,,,,,,,,,,,,,,,,,,,,,,,,,,,,,,
Diethylcarbamazine + Albendazole (Dec + Alb),No Data,No Data,,,,,,,,,,,,,,,,,,,,,,,,,,,,,,,,,,,,,,,,,,,,,,,,,,,,,,,,,,,,,,,,,,,,,,,,,,,,,,,,,,,,,,,,,,,,,,,
Praziquantel (Pzq),0.72,78.43%,42.35%,,42.35%,,,,,,,,,,,,,,,,,,,,,,,,,,,,,,,,,,,,,,,,,,,,,,,,,,,,,,,,,,,,,,,,,,,,,,,,,,,,,,,,,,,,,,,,,,,,
Ivermectin (Ivm),No Data,No Data,,,,,,,,,,,,,,,,,,,,,,,,,,,,,,,,,,,,,,,,,,,,,,,,,,,,,,,,,,,,,,,,,,,,,,,,,,,,,,,,,,,,,,,,,,,,,,,
Diethylcarbamazine (Dec),No Data,No Data,,,,,,,,,,,,,,,,,,,,,,,,,,,,,,,,,,,,,,,,,,,,,,,,,,,,,,,,,,,,,,,,,,,,,,,,,,,,,,,,,,,,,,,,,,,,,,,
Albendazole (Alb),No Data,No Data,,,,,,,,,,,,,,,,,,,,,,,,,,,,,,,,,,,,,,,,,,,,,,,,,,,,,,,,,,,,,,,,,,,,,,,,,,,,,,,,,,,,,,,,,,,,,,,
Onchoceriasis,,,,,,,,,,,,,,,,,,,,,,,,,,,,,,,,,,,,,,,,,,,,,,,,,,,,,,,,,,,,,,,,,,,,,,,,,,,,,,,,,,,,,,,,,,,,,,,,,
Nodulectomy,,No Data,,,,,,,,,,,,,,,,,,,,,,,,,,,,,,,,,,,,,,,,,,,,,,,,,,,,,,,,,,,,,,,,,,,,,,,,,,,,,,,,,,,,,,,,,,,,,,,
Suramin,,No Data,,,,,,,,,,,,,,,,,,,,,,,,,,,,,,,,,,,,,,,,,,,,,,,,,,,,,,,,,,,,,,,,,,,,,,,,,,,,,,,,,,,,,,,,,,,,,,,
Ivermectin (Ivm),No Data,83.36%,,,53.34%,,,,,,,,,,,,,,,,,,,,,,,,,,,,,,,,,,,,,,,,,,,,,,,,,,,,,,,,,,,,,,,,,,,,,,,,,,,,,,,,,,,,,,,,,,,,
Diethylcarbamazine (Dec),,No Data,,,,,,,,,,,,,,,,,,,,,,,,,,,,,,,,,,,,,,,,,,,,,,,,,,,,,,,,,,,,,,,,,,,,,,,,,,,,,,,,,,,,,,,,,,,,,,,
LF,,,,,,,,,,,,,,,,,,,,,,,,,,,,,,,,,,,,,,,,,,,,,,,,,,,,,,,,,,,,,,,,,,,,,,,,,,,,,,,,,,,,,,,,,,,,,,,,,
Diethylcarbamazine (Dec),37.28%,37.28%,38.88%,,51.12%,,,,,,,,,,,,,,,,,,,,,,,,,,,,,,,,,,,,,,,,,,,,,,,,,,,,,,,,,,,,,,,,,,,,,,,,,,,,,,,,,,,,,,,,,,,,
Diethylcarbamazine + Albendazole (Dec + Alb),44.66%,44.66%,38.88%,,51.12%,,,,,,,,,,,,,,,,,,,,,,,,,,,,,,,,,,,,,,,,,,,,,,,,,,,,,,,,,,,,,,,,,,,,,,,,,,,,,,,,,,,,,,,,,,,,
Ivermectin + Albendazole (Ivm + Alb),47.89%,47.89%,38.88%,,51.12%,,,,,,,,,,,,,,,,,,,,,,,,,,,,,,,,,,,,,,,,,,,,,,,,,,,,,,,,,,,,,,,,,,,,,,,,,,,,,,,,,,,,,,,,,,,,
